Name,Age,Email
Alice,25,alice@example.com
Bob,30,bob@example.com
Charlie,22,charlie@example.com
David,28,david@example.com
Emma,35,emma@example.com
Frank,40,frank@example.com
Grace,27,grace@example.com
Henry,33,henry@example.com
Isabella,29,isabella@example.com
Jack,31,jack@example.com
Katherine,26,katherine@example.com
Liam,38,liam@example.com
Mia,24,mia@example.com
Noah,32,noah@example.com
Olivia,21,olivia@example.com
Paul,45,paul@example.com
Quinn,23,quinn@example.com
Ryan,37,ryan@example.com
Sophia,28,sophia@example.com,dfghjk
Thomas,Thirtyfour,thomas@example.com
